<?xml version = '1.0' encoding = 'UTF-8'?>
<Relation class="oracle.dbtools.crest.model.design.logical.Relation" name="Relation_4" directorySegmentName="seg_0" id="032C1399-D310-2BBB-3477-C602DF01A093">
<createdBy>ahmad</createdBy>
<createdTime>2022-08-24 12:47:11 UTC</createdTime>
<ownerDesignName>oracel</ownerDesignName>
<engineerTo>
<item key="7AE15885-45E2-836B-160B-61F2ABDCD28C" value="true"/>
</engineerTo>
<sourcePk>4C0F9FD0-72EA-F039-8B8E-4DF6D981739F</sourcePk>
<targetPk>89791A2C-3D5F-C5C1-520E-77ADD380FEF2</targetPk>
<identifying>false</identifying>
<nameOnSource>diasuransikan oleh</nameOnSource>
<nameOnTarget>mengansurasikan</nameOnTarget>
<optionalSource>true</optionalSource>
<optionalTarget>false</optionalTarget>
<sourceCardinality>1</sourceCardinality>
<sourceEntity>F18B581C-F504-1EDF-C952-E2311A927BFA</sourceEntity>
<targetCardinalityString>*</targetCardinalityString>
<targetEntity>FD691E78-5EE1-E94A-D57F-02C40E2DEA76</targetEntity>
<transferable>true</transferable>
<deleteRule>NO ACTION</deleteRule>
</Relation>