<?xml version = '1.0' encoding = 'UTF-8'?>
<Relation class="oracle.dbtools.crest.model.design.logical.Relation" name="Relation_5" directorySegmentName="seg_0" id="33F75A8E-8660-CA23-8F10-5D2E90CEF23B">
<createdBy>ahmad</createdBy>
<createdTime>2022-08-24 12:52:45 UTC</createdTime>
<ownerDesignName>oracel</ownerDesignName>
<engineerTo>
<item key="7AE15885-45E2-836B-160B-61F2ABDCD28C" value="true"/>
</engineerTo>
<sourcePk>89791A2C-3D5F-C5C1-520E-77ADD380FEF2</sourcePk>
<targetPk>0C961A76-55F8-F668-7424-A97E947463F8</targetPk>
<identifying>true</identifying>
<nameOnSource>memiliki</nameOnSource>
<nameOnTarget>untuk</nameOnTarget>
<optionalSource>true</optionalSource>
<optionalTarget>false</optionalTarget>
<sourceCardinality>1</sourceCardinality>
<sourceEntity>FD691E78-5EE1-E94A-D57F-02C40E2DEA76</sourceEntity>
<targetCardinalityString>*</targetCardinalityString>
<targetEntity>C27DD208-57DA-5C31-A199-E1F466397358</targetEntity>
<transferable>true</transferable>
<deleteRule>NO ACTION</deleteRule>
</Relation>