<?xml version = '1.0' encoding = 'UTF-8'?>
<Relation class="oracle.dbtools.crest.model.design.logical.Relation" name="Relation_12" directorySegmentName="seg_0" id="42D589FD-1E28-C6A3-A184-E58ED6B4FD8F">
<createdBy>ahmad</createdBy>
<createdTime>2022-08-24 14:19:14 UTC</createdTime>
<ownerDesignName>oracel</ownerDesignName>
<engineerTo>
<item key="7AE15885-45E2-836B-160B-61F2ABDCD28C" value="true"/>
</engineerTo>
<sourcePk>04AA1EDF-9141-CF80-9A03-751375D4398A</sourcePk>
<targetPk>86C45CAA-76BA-D9B0-D346-D09F88FB5D62</targetPk>
<identifying>true</identifying>
<nameOnSource>mengadakan</nameOnSource>
<nameOnTarget>diadakan</nameOnTarget>
<optionalSource>true</optionalSource>
<optionalTarget>false</optionalTarget>
<sourceCardinality>1</sourceCardinality>
<sourceEntity>60329E50-816E-A664-1E11-A51154EE9AAE</sourceEntity>
<targetCardinalityString>*</targetCardinalityString>
<targetEntity>77AEEDCD-2DF7-77DB-840B-C079F4F1A29D</targetEntity>
<transferable>true</transferable>
<deleteRule>NO ACTION</deleteRule>
</Relation>