<?xml version = '1.0' encoding = 'UTF-8'?>
<Relation class="oracle.dbtools.crest.model.design.logical.Relation" name="Relation_16" directorySegmentName="seg_0" id="47E368FE-1A12-9B63-C75F-62A5447B15E4">
<createdBy>ahmad</createdBy>
<createdTime>2022-08-24 14:29:58 UTC</createdTime>
<ownerDesignName>oracel</ownerDesignName>
<engineerTo>
<item key="7AE15885-45E2-836B-160B-61F2ABDCD28C" value="true"/>
</engineerTo>
<sourcePk>C1374747-AFF8-6736-903A-F9601AA0B784</sourcePk>
<targetPk>A2F0CD00-5ACF-7D71-A5BA-542636B9B5F5</targetPk>
<identifying>true</identifying>
<nameOnSource>memiliki</nameOnSource>
<nameOnTarget>untuk</nameOnTarget>
<optionalSource>true</optionalSource>
<optionalTarget>false</optionalTarget>
<sourceCardinality>1</sourceCardinality>
<sourceEntity>13383877-3AA5-F734-0F6E-11C0EF3CC130</sourceEntity>
<targetCardinalityString>*</targetCardinalityString>
<targetEntity>9DCCB026-41DF-57CC-BC49-F1A598419C34</targetEntity>
<transferable>true</transferable>
<deleteRule>NO ACTION</deleteRule>
</Relation>