<?xml version = '1.0' encoding = 'UTF-8'?>
<Relation class="oracle.dbtools.crest.model.design.logical.Relation" name="Relation_7" directorySegmentName="seg_0" id="575704AA-CD34-98E6-F16C-5B1EC1E194E8">
<createdBy>ahmad</createdBy>
<createdTime>2022-08-24 12:55:41 UTC</createdTime>
<ownerDesignName>oracel</ownerDesignName>
<engineerTo>
<item key="7AE15885-45E2-836B-160B-61F2ABDCD28C" value="true"/>
</engineerTo>
<sourcePk>89791A2C-3D5F-C5C1-520E-77ADD380FEF2</sourcePk>
<targetPk>04AA1EDF-9141-CF80-9A03-751375D4398A</targetPk>
<identifying>false</identifying>
<nameOnSource>memiliki</nameOnSource>
<nameOnTarget>memeriksa</nameOnTarget>
<optionalSource>true</optionalSource>
<optionalTarget>false</optionalTarget>
<sourceCardinality>*</sourceCardinality>
<sourceEntity>FD691E78-5EE1-E94A-D57F-02C40E2DEA76</sourceEntity>
<targetCardinalityString>1</targetCardinalityString>
<targetEntity>60329E50-816E-A664-1E11-A51154EE9AAE</targetEntity>
<transferable>true</transferable>
<deleteRule>NO ACTION</deleteRule>
</Relation>