<?xml version = '1.0' encoding = 'UTF-8'?>
<Relation class="oracle.dbtools.crest.model.design.logical.Relation" name="Relation_10" directorySegmentName="seg_0" id="5B351AFE-FD5B-8C14-5B7A-03C8CD5F4BD5">
<createdBy>ahmad</createdBy>
<createdTime>2022-08-24 14:15:51 UTC</createdTime>
<ownerDesignName>oracel</ownerDesignName>
<engineerTo>
<item key="7AE15885-45E2-836B-160B-61F2ABDCD28C" value="true"/>
</engineerTo>
<sourcePk>04AA1EDF-9141-CF80-9A03-751375D4398A</sourcePk>
<targetPk>0C961A76-55F8-F668-7424-A97E947463F8</targetPk>
<identifying>true</identifying>
<nameOnSource>terdaftar pada</nameOnSource>
<nameOnTarget>untuk</nameOnTarget>
<optionalSource>true</optionalSource>
<optionalTarget>false</optionalTarget>
<sourceCardinality>1</sourceCardinality>
<sourceEntity>60329E50-816E-A664-1E11-A51154EE9AAE</sourceEntity>
<targetCardinalityString>*</targetCardinalityString>
<targetEntity>C27DD208-57DA-5C31-A199-E1F466397358</targetEntity>
<transferable>true</transferable>
<deleteRule>NO ACTION</deleteRule>
</Relation>