<?xml version = '1.0' encoding = 'UTF-8'?>
<Relation class="oracle.dbtools.crest.model.design.logical.Relation" name="Relation_6" directorySegmentName="seg_0" id="6A37E388-E9B2-8ACD-E6F0-0DF898A979D2">
<createdBy>ahmad</createdBy>
<createdTime>2022-08-24 12:54:07 UTC</createdTime>
<ownerDesignName>oracel</ownerDesignName>
<engineerTo>
<item key="7AE15885-45E2-836B-160B-61F2ABDCD28C" value="true"/>
</engineerTo>
<sourcePk>89791A2C-3D5F-C5C1-520E-77ADD380FEF2</sourcePk>
<targetPk>86C45CAA-76BA-D9B0-D346-D09F88FB5D62</targetPk>
<identifying>true</identifying>
<nameOnSource>memiliki</nameOnSource>
<nameOnTarget>untuk</nameOnTarget>
<optionalSource>true</optionalSource>
<optionalTarget>false</optionalTarget>
<sourceCardinality>1</sourceCardinality>
<sourceEntity>FD691E78-5EE1-E94A-D57F-02C40E2DEA76</sourceEntity>
<targetCardinalityString>*</targetCardinalityString>
<targetEntity>77AEEDCD-2DF7-77DB-840B-C079F4F1A29D</targetEntity>
<transferable>true</transferable>
<deleteRule>NO ACTION</deleteRule>
</Relation>