<?xml version = '1.0' encoding = 'UTF-8'?>
<Relation class="oracle.dbtools.crest.model.design.logical.Relation" name="Relation_14" directorySegmentName="seg_0" id="795E6D6A-5F9B-2157-5CD4-0325D316FD1B">
<createdBy>ahmad</createdBy>
<createdTime>2022-08-24 14:26:00 UTC</createdTime>
<ownerDesignName>oracel</ownerDesignName>
<engineerTo>
<item key="7AE15885-45E2-836B-160B-61F2ABDCD28C" value="true"/>
</engineerTo>
<sourcePk>89791A2C-3D5F-C5C1-520E-77ADD380FEF2</sourcePk>
<targetPk>7AD4DD1F-7881-F7F1-805D-DAB782F76C81</targetPk>
<identifying>false</identifying>
<nameOnSource>diberi</nameOnSource>
<nameOnTarget>untuk</nameOnTarget>
<optionalSource>true</optionalSource>
<optionalTarget>false</optionalTarget>
<sourceCardinality>1</sourceCardinality>
<sourceEntity>FD691E78-5EE1-E94A-D57F-02C40E2DEA76</sourceEntity>
<targetCardinalityString>*</targetCardinalityString>
<targetEntity>A7B23776-5AD7-7A18-136B-00BAC800C74F</targetEntity>
<transferable>true</transferable>
<deleteRule>NO ACTION</deleteRule>
</Relation>