<?xml version = '1.0' encoding = 'UTF-8'?>
<Relation class="oracle.dbtools.crest.model.design.logical.Relation" name="Relation_17" directorySegmentName="seg_0" id="7BF4710D-68BA-4952-7398-60BACBA64AB2">
<createdBy>ahmad</createdBy>
<createdTime>2022-08-24 14:32:40 UTC</createdTime>
<ownerDesignName>oracel</ownerDesignName>
<engineerTo>
<item key="7AE15885-45E2-836B-160B-61F2ABDCD28C" value="true"/>
</engineerTo>
<sourcePk>04AA1EDF-9141-CF80-9A03-751375D4398A</sourcePk>
<targetPk>7AD4DD1F-7881-F7F1-805D-DAB782F76C81</targetPk>
<identifying>false</identifying>
<nameOnSource>menentukan</nameOnSource>
<nameOnTarget>ditentukan oleh</nameOnTarget>
<optionalSource>true</optionalSource>
<optionalTarget>false</optionalTarget>
<sourceCardinality>1</sourceCardinality>
<sourceEntity>60329E50-816E-A664-1E11-A51154EE9AAE</sourceEntity>
<targetCardinalityString>*</targetCardinalityString>
<targetEntity>A7B23776-5AD7-7A18-136B-00BAC800C74F</targetEntity>
<transferable>true</transferable>
<deleteRule>NO ACTION</deleteRule>
</Relation>