<?xml version = '1.0' encoding = 'UTF-8'?>
<Relation class="oracle.dbtools.crest.model.design.logical.Relation" name="Relation_13" directorySegmentName="seg_0" id="8C8C52B8-009F-0C62-1E2A-5F9FAB6F38CB">
<createdBy>ahmad</createdBy>
<createdTime>2022-08-24 14:20:17 UTC</createdTime>
<ownerDesignName>oracel</ownerDesignName>
<engineerTo>
<item key="7AE15885-45E2-836B-160B-61F2ABDCD28C" value="true"/>
</engineerTo>
<targetPk>89791A2C-3D5F-C5C1-520E-77ADD380FEF2</targetPk>
<identifying>false</identifying>
<nameOnSource>memegang kebijakan</nameOnSource>
<nameOnTarget>dilindungi oleh kebijakan</nameOnTarget>
<optionalSource>true</optionalSource>
<optionalTarget>false</optionalTarget>
<sourceCardinality>1</sourceCardinality>
<sourceEntity>FD691E78-5EE1-E94A-D57F-02C40E2DEA76</sourceEntity>
<targetCardinalityString>*</targetCardinalityString>
<targetEntity>FD691E78-5EE1-E94A-D57F-02C40E2DEA76</targetEntity>
<transferable>true</transferable>
<deleteRule>NO ACTION</deleteRule>
</Relation>