<?xml version = '1.0' encoding = 'UTF-8'?>
<Relation class="oracle.dbtools.crest.model.design.logical.Relation" name="Relation_20" directorySegmentName="seg_0" id="BA1078AF-C12F-DF82-BBE2-1EDD51863BD9">
<createdBy>ahmad</createdBy>
<createdTime>2022-08-24 14:37:02 UTC</createdTime>
<ownerDesignName>oracel</ownerDesignName>
<engineerTo>
<item key="7AE15885-45E2-836B-160B-61F2ABDCD28C" value="true"/>
</engineerTo>
<arc>0F82366B-118E-47F4-A369-ED950C9F4D76</arc>
<identifying>false</identifying>
<nameOnSource>jenis</nameOnSource>
<nameOnTarget>terdaftar sebagai</nameOnTarget>
<optionalSource>true</optionalSource>
<optionalTarget>false</optionalTarget>
<sourceCardinality>1</sourceCardinality>
<sourceEntity>59E5E443-FE46-42F7-3918-72E622181B53</sourceEntity>
<targetCardinalityString>*</targetCardinalityString>
<targetEntity>A7B23776-5AD7-7A18-136B-00BAC800C74F</targetEntity>
<transferable>true</transferable>
<deleteRule>NO ACTION</deleteRule>
</Relation>