<?xml version = '1.0' encoding = 'UTF-8'?>
<Relation class="oracle.dbtools.crest.model.design.logical.Relation" name="Relation_15" directorySegmentName="seg_0" id="BBBE218E-4FB4-03C8-5DF2-D820ADD667B8">
<createdBy>ahmad</createdBy>
<createdTime>2022-08-24 14:28:05 UTC</createdTime>
<ownerDesignName>oracel</ownerDesignName>
<engineerTo>
<item key="7AE15885-45E2-836B-160B-61F2ABDCD28C" value="true"/>
</engineerTo>
<sourcePk>04AA1EDF-9141-CF80-9A03-751375D4398A</sourcePk>
<targetPk>A2F0CD00-5ACF-7D71-A5BA-542636B9B5F5</targetPk>
<identifying>true</identifying>
<nameOnSource>memiliki</nameOnSource>
<nameOnTarget>untuk</nameOnTarget>
<optionalSource>true</optionalSource>
<optionalTarget>false</optionalTarget>
<sourceCardinality>1</sourceCardinality>
<sourceEntity>60329E50-816E-A664-1E11-A51154EE9AAE</sourceEntity>
<targetCardinalityString>*</targetCardinalityString>
<targetEntity>9DCCB026-41DF-57CC-BC49-F1A598419C34</targetEntity>
<transferable>true</transferable>
<deleteRule>NO ACTION</deleteRule>
</Relation>