<?xml version = '1.0' encoding = 'UTF-8'?>
<Relation class="oracle.dbtools.crest.model.design.logical.Relation" name="Relation_18" directorySegmentName="seg_0" id="BFBC1843-311A-B218-4689-579C0E8277A1">
<createdBy>ahmad</createdBy>
<createdTime>2022-08-24 14:34:46 UTC</createdTime>
<ownerDesignName>oracel</ownerDesignName>
<engineerTo>
<item key="7AE15885-45E2-836B-160B-61F2ABDCD28C" value="true"/>
</engineerTo>
<sourcePk>B4B199C3-EE91-E8CC-3231-E1B7579CDBFE</sourcePk>
<targetPk>7AD4DD1F-7881-F7F1-805D-DAB782F76C81</targetPk>
<identifying>false</identifying>
<nameOnSource>digunakan untuk</nameOnSource>
<nameOnTarget>menetukan</nameOnTarget>
<optionalSource>true</optionalSource>
<optionalTarget>false</optionalTarget>
<sourceCardinality>1</sourceCardinality>
<sourceEntity>F95339FF-1021-3AA2-3C85-BE6E8A1A2B52</sourceEntity>
<targetCardinalityString>*</targetCardinalityString>
<targetEntity>A7B23776-5AD7-7A18-136B-00BAC800C74F</targetEntity>
<transferable>true</transferable>
<deleteRule>NO ACTION</deleteRule>
</Relation>