<?xml version = '1.0' encoding = 'UTF-8'?>
<Relation class="oracle.dbtools.crest.model.design.logical.Relation" name="Relation_19" directorySegmentName="seg_0" id="DA2FCDB9-D8C7-A672-64AE-1BB6AB5145F1">
<createdBy>ahmad</createdBy>
<createdTime>2022-08-24 14:36:30 UTC</createdTime>
<ownerDesignName>oracel</ownerDesignName>
<engineerTo>
<item key="7AE15885-45E2-836B-160B-61F2ABDCD28C" value="true"/>
</engineerTo>
<arc>0F82366B-118E-47F4-A369-ED950C9F4D76</arc>
<identifying>false</identifying>
<nameOnSource>jenis</nameOnSource>
<nameOnTarget>terdaftar sebagai</nameOnTarget>
<optionalSource>true</optionalSource>
<optionalTarget>false</optionalTarget>
<sourceCardinality>1</sourceCardinality>
<sourceEntity>0C599F7C-B554-6EB1-634C-77B85EA7EAC5</sourceEntity>
<targetCardinalityString>*</targetCardinalityString>
<targetEntity>A7B23776-5AD7-7A18-136B-00BAC800C74F</targetEntity>
<transferable>true</transferable>
<deleteRule>NO ACTION</deleteRule>
</Relation>