<?xml version = '1.0' encoding = 'UTF-8'?>
<Entity class="oracle.dbtools.crest.model.design.logical.Entity" directorySegmentName="seg_0" id="13383877-3AA5-F734-0F6E-11C0EF3CC130" name="RUMAH SAKIT">
<createdBy>ahmad</createdBy>
<createdTime>2022-08-24 12:33:31 UTC</createdTime>
<ownerDesignName>oracel</ownerDesignName>
<engineerTo>
<item key="7AE15885-45E2-836B-160B-61F2ABDCD28C" value="true"/>
</engineerTo>
<adequatelyNormalized>NO</adequatelyNormalized>
<expectedVolumes>0</expectedVolumes>
<fwdEngineeringStrategyName>Single Table</fwdEngineeringStrategyName>
<growthPercent>0</growthPercent>
<growthType>Year</growthType>
<maxVolumes>9999999</maxVolumes>
<minVolumes>0</minVolumes>
<normalForm>Third</normalForm>
<attributes itemClass="oracle.dbtools.crest.model.design.logical.Attribute">
<Attribute name="id_rumah_sakit" id="F1520C4F-D233-108A-C8C5-199C3DAB03C9">
<createdBy>ahmad</createdBy>
<createdTime>2022-08-24 12:33:43 UTC</createdTime>
<ownerDesignName>oracel</ownerDesignName>
<engineerTo>
<item key="7AE15885-45E2-836B-160B-61F2ABDCD28C" value="true"/>
</engineerTo>
<use>0</use>
<ownDataTypeParameters>,,</ownDataTypeParameters>
</Attribute>
<Attribute name="nama" id="A657D58E-030E-53DA-8BE3-2696569E87D8">
<createdBy>ahmad</createdBy>
<createdTime>2022-08-24 12:33:58 UTC</createdTime>
<ownerDesignName>oracel</ownerDesignName>
<engineerTo>
<item key="7AE15885-45E2-836B-160B-61F2ABDCD28C" value="true"/>
</engineerTo>
<use>0</use>
<ownDataTypeParameters>,,</ownDataTypeParameters>
</Attribute>
<Attribute name="alamat" id="A9A35730-17C4-41FE-6D4D-FE9BE7679F08">
<createdBy>ahmad</createdBy>
<createdTime>2022-08-24 12:34:03 UTC</createdTime>
<ownerDesignName>oracel</ownerDesignName>
<engineerTo>
<item key="7AE15885-45E2-836B-160B-61F2ABDCD28C" value="true"/>
</engineerTo>
<use>0</use>
<ownDataTypeParameters>,,</ownDataTypeParameters>
</Attribute>
<Attribute name="no_telpon" id="F62FFAFE-60FC-BFFA-D2B4-EE20382E2F17">
<createdBy>ahmad</createdBy>
<createdTime>2022-08-24 12:34:08 UTC</createdTime>
<ownerDesignName>oracel</ownerDesignName>
<engineerTo>
<item key="7AE15885-45E2-836B-160B-61F2ABDCD28C" value="true"/>
</engineerTo>
<use>0</use>
<ownDataTypeParameters>,,</ownDataTypeParameters>
</Attribute>
</attributes>
<identifiers itemClass="oracle.dbtools.crest.model.design.logical.CandidateKey">
<identifier id="C1374747-AFF8-6736-903A-F9601AA0B784" name="RUMAH SAKIT PK">
<createdBy>ahmad</createdBy>
<createdTime>2022-08-24 12:33:56 UTC</createdTime>
<ownerDesignName>oracel</ownerDesignName>
<engineerTo>
<item key="7AE15885-45E2-836B-160B-61F2ABDCD28C" value="true"/>
</engineerTo>
<pk>true</pk>
<usedAttributes>
<attributeRef>F1520C4F-D233-108A-C8C5-199C3DAB03C9</attributeRef>
</usedAttributes>
</identifier>
</identifiers>
</Entity>