<?xml version = '1.0' encoding = 'UTF-8'?>
<Entity class="oracle.dbtools.crest.model.design.logical.Entity" directorySegmentName="seg_0" id="60329E50-816E-A664-1E11-A51154EE9AAE" name="DOKTER">
<createdBy>ahmad</createdBy>
<createdTime>2022-08-24 12:15:57 UTC</createdTime>
<ownerDesignName>oracel</ownerDesignName>
<engineerTo>
<item key="7AE15885-45E2-836B-160B-61F2ABDCD28C" value="true"/>
</engineerTo>
<adequatelyNormalized>NO</adequatelyNormalized>
<expectedVolumes>0</expectedVolumes>
<fwdEngineeringStrategyName>Single Table</fwdEngineeringStrategyName>
<growthPercent>0</growthPercent>
<growthType>Year</growthType>
<maxVolumes>9999999</maxVolumes>
<minVolumes>0</minVolumes>
<normalForm>Third</normalForm>
<attributes itemClass="oracle.dbtools.crest.model.design.logical.Attribute">
<Attribute name="id_dokter" id="730CCCA9-31CD-A80D-3AD4-DD7638AB13DA">
<createdBy>ahmad</createdBy>
<createdTime>2022-08-24 12:16:14 UTC</createdTime>
<ownerDesignName>oracel</ownerDesignName>
<engineerTo>
<item key="7AE15885-45E2-836B-160B-61F2ABDCD28C" value="true"/>
</engineerTo>
<use>0</use>
<ownDataTypeParameters>,,</ownDataTypeParameters>
</Attribute>
<Attribute name="nama" id="098235E2-05CA-A444-61DE-6C9E4D8E6F22">
<createdBy>ahmad</createdBy>
<createdTime>2022-08-24 12:18:15 UTC</createdTime>
<ownerDesignName>oracel</ownerDesignName>
<engineerTo>
<item key="7AE15885-45E2-836B-160B-61F2ABDCD28C" value="true"/>
</engineerTo>
<use>0</use>
<ownDataTypeParameters>,,</ownDataTypeParameters>
</Attribute>
<Attribute name="no_telpon" id="60C037C8-CCC3-EB29-F4E5-8B9DF6C25F32">
<createdBy>ahmad</createdBy>
<createdTime>2022-08-24 12:18:28 UTC</createdTime>
<ownerDesignName>oracel</ownerDesignName>
<engineerTo>
<item key="7AE15885-45E2-836B-160B-61F2ABDCD28C" value="true"/>
</engineerTo>
<use>0</use>
<ownDataTypeParameters>,,</ownDataTypeParameters>
</Attribute>
<Attribute name="alamat" id="EDFD8EE9-E3BE-9AD2-A5AF-7D2C9C940E03">
<createdBy>ahmad</createdBy>
<createdTime>2022-08-24 12:18:49 UTC</createdTime>
<ownerDesignName>oracel</ownerDesignName>
<engineerTo>
<item key="7AE15885-45E2-836B-160B-61F2ABDCD28C" value="true"/>
</engineerTo>
<use>0</use>
<ownDataTypeParameters>,,</ownDataTypeParameters>
</Attribute>
<Attribute name="spesialisasi" id="54BA9FE2-CBF9-4275-A43B-62623C0A8D3C">
<createdBy>ahmad</createdBy>
<createdTime>2022-08-24 12:18:56 UTC</createdTime>
<ownerDesignName>oracel</ownerDesignName>
<engineerTo>
<item key="7AE15885-45E2-836B-160B-61F2ABDCD28C" value="true"/>
</engineerTo>
<use>0</use>
<ownDataTypeParameters>,,</ownDataTypeParameters>
</Attribute>
</attributes>
<identifiers itemClass="oracle.dbtools.crest.model.design.logical.CandidateKey">
<identifier id="04AA1EDF-9141-CF80-9A03-751375D4398A" name="DOKTER PK">
<createdBy>ahmad</createdBy>
<createdTime>2022-08-24 12:18:12 UTC</createdTime>
<ownerDesignName>oracel</ownerDesignName>
<engineerTo>
<item key="7AE15885-45E2-836B-160B-61F2ABDCD28C" value="true"/>
</engineerTo>
<pk>true</pk>
<usedAttributes>
<attributeRef>730CCCA9-31CD-A80D-3AD4-DD7638AB13DA</attributeRef>
</usedAttributes>
</identifier>
</identifiers>
</Entity>