<?xml version = '1.0' encoding = 'UTF-8'?>
<Entity class="oracle.dbtools.crest.model.design.logical.Entity" directorySegmentName="seg_0" id="77AEEDCD-2DF7-77DB-840B-C079F4F1A29D" name="KUNJUNGAN">
<createdBy>ahmad</createdBy>
<createdTime>2022-08-24 12:20:12 UTC</createdTime>
<ownerDesignName>oracel</ownerDesignName>
<engineerTo>
<item key="7AE15885-45E2-836B-160B-61F2ABDCD28C" value="true"/>
</engineerTo>
<adequatelyNormalized>NO</adequatelyNormalized>
<expectedVolumes>0</expectedVolumes>
<fwdEngineeringStrategyName>Single Table</fwdEngineeringStrategyName>
<growthPercent>0</growthPercent>
<growthType>Year</growthType>
<maxVolumes>9999999</maxVolumes>
<minVolumes>0</minVolumes>
<normalForm>Third</normalForm>
<attributes itemClass="oracle.dbtools.crest.model.design.logical.Attribute">
<Attribute name="id_pasien" id="898096AF-AC85-B5A6-0854-DCCD1762E5F4">
<createdBy>ahmad</createdBy>
<createdTime>2022-08-24 12:20:21 UTC</createdTime>
<ownerDesignName>oracel</ownerDesignName>
<engineerTo>
<item key="7AE15885-45E2-836B-160B-61F2ABDCD28C" value="true"/>
</engineerTo>
<use>0</use>
<ownDataTypeParameters>,,</ownDataTypeParameters>
</Attribute>
<Attribute name="id_dokter" id="B311F275-9B31-F1BA-0650-43683861807B">
<createdBy>ahmad</createdBy>
<createdTime>2022-08-24 12:20:32 UTC</createdTime>
<ownerDesignName>oracel</ownerDesignName>
<engineerTo>
<item key="7AE15885-45E2-836B-160B-61F2ABDCD28C" value="true"/>
</engineerTo>
<use>0</use>
<ownDataTypeParameters>,,</ownDataTypeParameters>
</Attribute>
<Attribute name="tanggal_kunjungan" id="EAB61EB4-EA64-1AA6-65BC-2A0AB9448875">
<createdBy>ahmad</createdBy>
<createdTime>2022-08-24 12:20:38 UTC</createdTime>
<ownerDesignName>oracel</ownerDesignName>
<engineerTo>
<item key="7AE15885-45E2-836B-160B-61F2ABDCD28C" value="true"/>
</engineerTo>
<use>0</use>
<ownDataTypeParameters>,,</ownDataTypeParameters>
</Attribute>
<Attribute name="gejala" id="9EF1FAFC-87B0-6360-3BA4-06FF16999CED">
<createdBy>ahmad</createdBy>
<createdTime>2022-08-24 12:20:55 UTC</createdTime>
<ownerDesignName>oracel</ownerDesignName>
<engineerTo>
<item key="7AE15885-45E2-836B-160B-61F2ABDCD28C" value="true"/>
</engineerTo>
<use>0</use>
<ownDataTypeParameters>,,</ownDataTypeParameters>
</Attribute>
<Attribute name="id_pasien1" id="73A3AD8C-4382-4F46-0A38-F90AC6FDAA8C">
<createdBy>ahmad</createdBy>
<createdTime>2022-08-24 12:54:07 UTC</createdTime>
<generatorID>6A37E388-E9B2-8ACD-E6F0-0DF898A979D2</generatorID>
<ownerDesignName>oracel</ownerDesignName>
<engineerTo>
<item key="7AE15885-45E2-836B-160B-61F2ABDCD28C" value="true"/>
</engineerTo>
<referedAttribute>65535B07-4C1A-5E0B-0C5F-0DE0166EE34B</referedAttribute>
<use>0</use>
<ownDataTypeParameters>,,</ownDataTypeParameters>
</Attribute>
<Attribute name="id_dokter1" id="EC7224D3-4D60-2AED-5FCD-DA0CFBEC6F6F">
<createdBy>ahmad</createdBy>
<createdTime>2022-08-24 14:19:14 UTC</createdTime>
<generatorID>42D589FD-1E28-C6A3-A184-E58ED6B4FD8F</generatorID>
<ownerDesignName>oracel</ownerDesignName>
<engineerTo>
<item key="7AE15885-45E2-836B-160B-61F2ABDCD28C" value="true"/>
</engineerTo>
<referedAttribute>730CCCA9-31CD-A80D-3AD4-DD7638AB13DA</referedAttribute>
<use>0</use>
<ownDataTypeParameters>,,</ownDataTypeParameters>
</Attribute>
</attributes>
<identifiers itemClass="oracle.dbtools.crest.model.design.logical.CandidateKey">
<identifier id="86C45CAA-76BA-D9B0-D346-D09F88FB5D62" name="KUNJUNGAN PK">
<createdBy>ahmad</createdBy>
<createdTime>2022-08-24 12:21:09 UTC</createdTime>
<ownerDesignName>oracel</ownerDesignName>
<engineerTo>
<item key="7AE15885-45E2-836B-160B-61F2ABDCD28C" value="true"/>
</engineerTo>
<pk>true</pk>
<usedAttributes>
<attributeRef>EAB61EB4-EA64-1AA6-65BC-2A0AB9448875</attributeRef>
<attributeRef>B311F275-9B31-F1BA-0650-43683861807B</attributeRef>
<attributeRef>898096AF-AC85-B5A6-0854-DCCD1762E5F4</attributeRef>
<attributeRef>73A3AD8C-4382-4F46-0A38-F90AC6FDAA8C</attributeRef>
<attributeRef>EC7224D3-4D60-2AED-5FCD-DA0CFBEC6F6F</attributeRef>
</usedAttributes>
</identifier>
</identifiers>
</Entity>