<?xml version = '1.0' encoding = 'UTF-8'?>
<Entity class="oracle.dbtools.crest.model.design.logical.Entity" directorySegmentName="seg_0" id="9DCCB026-41DF-57CC-BC49-F1A598419C34" name="AFILIASI RUMAH SAKIT">
<createdBy>ahmad</createdBy>
<createdTime>2022-08-24 12:30:48 UTC</createdTime>
<ownerDesignName>oracel</ownerDesignName>
<engineerTo>
<item key="7AE15885-45E2-836B-160B-61F2ABDCD28C" value="true"/>
</engineerTo>
<adequatelyNormalized>NO</adequatelyNormalized>
<expectedVolumes>0</expectedVolumes>
<fwdEngineeringStrategyName>Single Table</fwdEngineeringStrategyName>
<growthPercent>0</growthPercent>
<growthType>Year</growthType>
<maxVolumes>9999999</maxVolumes>
<minVolumes>0</minVolumes>
<normalForm>Third</normalForm>
<attributes itemClass="oracle.dbtools.crest.model.design.logical.Attribute">
<Attribute name="tanggal_afiliasi" id="EEBC9D85-DD8C-70DA-8316-F4387575500A">
<createdBy>ahmad</createdBy>
<createdTime>2022-08-24 12:31:04 UTC</createdTime>
<ownerDesignName>oracel</ownerDesignName>
<engineerTo>
<item key="7AE15885-45E2-836B-160B-61F2ABDCD28C" value="true"/>
</engineerTo>
<use>0</use>
<ownDataTypeParameters>,,</ownDataTypeParameters>
</Attribute>
<Attribute name="id_dokter" id="DCD86120-75DC-38B5-60F4-3FD829CF494E">
<createdBy>ahmad</createdBy>
<createdTime>2022-08-24 14:28:05 UTC</createdTime>
<generatorID>BBBE218E-4FB4-03C8-5DF2-D820ADD667B8</generatorID>
<ownerDesignName>oracel</ownerDesignName>
<engineerTo>
<item key="7AE15885-45E2-836B-160B-61F2ABDCD28C" value="true"/>
</engineerTo>
<referedAttribute>730CCCA9-31CD-A80D-3AD4-DD7638AB13DA</referedAttribute>
<use>0</use>
<ownDataTypeParameters>,,</ownDataTypeParameters>
</Attribute>
<Attribute name="id_rumah_sakit" id="A5AB9121-7FBB-E276-7689-970F0A138786">
<createdBy>ahmad</createdBy>
<createdTime>2022-08-24 14:29:58 UTC</createdTime>
<generatorID>47E368FE-1A12-9B63-C75F-62A5447B15E4</generatorID>
<ownerDesignName>oracel</ownerDesignName>
<engineerTo>
<item key="7AE15885-45E2-836B-160B-61F2ABDCD28C" value="true"/>
</engineerTo>
<referedAttribute>F1520C4F-D233-108A-C8C5-199C3DAB03C9</referedAttribute>
<use>0</use>
<ownDataTypeParameters>,,</ownDataTypeParameters>
</Attribute>
</attributes>
<identifiers itemClass="oracle.dbtools.crest.model.design.logical.CandidateKey">
<identifier id="A2F0CD00-5ACF-7D71-A5BA-542636B9B5F5" name="AFILIASI RUMAH SAKIT PK">
<createdBy>ahmad</createdBy>
<createdTime>2022-08-24 14:28:05 UTC</createdTime>
<ownerDesignName>oracel</ownerDesignName>
<engineerTo>
<item key="7AE15885-45E2-836B-160B-61F2ABDCD28C" value="true"/>
</engineerTo>
<pk>true</pk>
<usedAttributes>
<attributeRef>DCD86120-75DC-38B5-60F4-3FD829CF494E</attributeRef>
<attributeRef>A5AB9121-7FBB-E276-7689-970F0A138786</attributeRef>
</usedAttributes>
</identifier>
</identifiers>
</Entity>