<?xml version = '1.0' encoding = 'UTF-8'?>
<Entity class="oracle.dbtools.crest.model.design.logical.Entity" directorySegmentName="seg_0" id="A7B23776-5AD7-7A18-136B-00BAC800C74F" name="RESEP OBAT">
<createdBy>ahmad</createdBy>
<createdTime>2022-08-24 12:31:53 UTC</createdTime>
<ownerDesignName>oracel</ownerDesignName>
<engineerTo>
<item key="7AE15885-45E2-836B-160B-61F2ABDCD28C" value="true"/>
</engineerTo>
<adequatelyNormalized>NO</adequatelyNormalized>
<expectedVolumes>0</expectedVolumes>
<fwdEngineeringStrategyName>Single Table</fwdEngineeringStrategyName>
<growthPercent>0</growthPercent>
<growthType>Year</growthType>
<maxVolumes>9999999</maxVolumes>
<minVolumes>0</minVolumes>
<normalForm>Third</normalForm>
<attributes itemClass="oracle.dbtools.crest.model.design.logical.Attribute">
<Attribute name="kode_resep" id="92AFF158-8E67-146C-16CC-DAEB0A413733">
<createdBy>ahmad</createdBy>
<createdTime>2022-08-24 12:32:06 UTC</createdTime>
<ownerDesignName>oracel</ownerDesignName>
<engineerTo>
<item key="7AE15885-45E2-836B-160B-61F2ABDCD28C" value="true"/>
</engineerTo>
<use>0</use>
<ownDataTypeParameters>,,</ownDataTypeParameters>
</Attribute>
<Attribute name="tanggal_resep" id="3A35A400-8426-58E3-DD0F-90071744DED9">
<createdBy>ahmad</createdBy>
<createdTime>2022-08-24 12:32:18 UTC</createdTime>
<ownerDesignName>oracel</ownerDesignName>
<engineerTo>
<item key="7AE15885-45E2-836B-160B-61F2ABDCD28C" value="true"/>
</engineerTo>
<use>0</use>
<ownDataTypeParameters>,,</ownDataTypeParameters>
</Attribute>
<Attribute name="kadarluwasa" id="7856E411-1A8D-5D28-615D-F34230039447">
<createdBy>ahmad</createdBy>
<createdTime>2022-08-24 12:32:30 UTC</createdTime>
<ownerDesignName>oracel</ownerDesignName>
<engineerTo>
<item key="7AE15885-45E2-836B-160B-61F2ABDCD28C" value="true"/>
</engineerTo>
<use>0</use>
<ownDataTypeParameters>,,</ownDataTypeParameters>
</Attribute>
<Attribute name="dosis" id="E51F1F24-92A3-72AF-9E89-54381BAC08EF">
<createdBy>ahmad</createdBy>
<createdTime>2022-08-24 12:32:47 UTC</createdTime>
<ownerDesignName>oracel</ownerDesignName>
<engineerTo>
<item key="7AE15885-45E2-836B-160B-61F2ABDCD28C" value="true"/>
</engineerTo>
<use>0</use>
<ownDataTypeParameters>,,</ownDataTypeParameters>
</Attribute>
<Attribute name="id_pasien" id="97BDF36C-5ED4-7ADC-FEBB-388DBDCE965B">
<createdBy>ahmad</createdBy>
<createdTime>2022-08-24 14:26:00 UTC</createdTime>
<generatorID>795E6D6A-5F9B-2157-5CD4-0325D316FD1B</generatorID>
<ownerDesignName>oracel</ownerDesignName>
<engineerTo>
<item key="7AE15885-45E2-836B-160B-61F2ABDCD28C" value="true"/>
</engineerTo>
<referedAttribute>65535B07-4C1A-5E0B-0C5F-0DE0166EE34B</referedAttribute>
<use>0</use>
<ownDataTypeParameters>,,</ownDataTypeParameters>
</Attribute>
<Attribute name="id_dokter" id="01D1B721-B740-C55F-116A-68C02B413874">
<createdBy>ahmad</createdBy>
<createdTime>2022-08-24 14:32:40 UTC</createdTime>
<generatorID>7BF4710D-68BA-4952-7398-60BACBA64AB2</generatorID>
<ownerDesignName>oracel</ownerDesignName>
<engineerTo>
<item key="7AE15885-45E2-836B-160B-61F2ABDCD28C" value="true"/>
</engineerTo>
<referedAttribute>730CCCA9-31CD-A80D-3AD4-DD7638AB13DA</referedAttribute>
<use>0</use>
<ownDataTypeParameters>,,</ownDataTypeParameters>
</Attribute>
<Attribute name="kode_obat" id="32BCA4AD-5DCD-3844-895B-49F2CDF3FF2B">
<createdBy>ahmad</createdBy>
<createdTime>2022-08-24 14:34:46 UTC</createdTime>
<generatorID>BFBC1843-311A-B218-4689-579C0E8277A1</generatorID>
<ownerDesignName>oracel</ownerDesignName>
<engineerTo>
<item key="7AE15885-45E2-836B-160B-61F2ABDCD28C" value="true"/>
</engineerTo>
<referedAttribute>08298ED0-9267-03BA-0A79-322125D4C779</referedAttribute>
<use>0</use>
<ownDataTypeParameters>,,</ownDataTypeParameters>
</Attribute>
</attributes>
<identifiers itemClass="oracle.dbtools.crest.model.design.logical.CandidateKey">
<identifier id="7AD4DD1F-7881-F7F1-805D-DAB782F76C81" name="RESEP OBAT PK">
<createdBy>ahmad</createdBy>
<createdTime>2022-08-24 12:33:03 UTC</createdTime>
<ownerDesignName>oracel</ownerDesignName>
<engineerTo>
<item key="7AE15885-45E2-836B-160B-61F2ABDCD28C" value="true"/>
</engineerTo>
<pk>true</pk>
<usedAttributes>
<attributeRef>92AFF158-8E67-146C-16CC-DAEB0A413733</attributeRef>
</usedAttributes>
</identifier>
</identifiers>
</Entity>