<?xml version = '1.0' encoding = 'UTF-8'?>
<Entity class="oracle.dbtools.crest.model.design.logical.Entity" directorySegmentName="seg_0" id="C27DD208-57DA-5C31-A199-E1F466397358" name="RIWAYAT_DOKTER_UTAMA">
<createdBy>ahmad</createdBy>
<createdTime>2022-08-24 12:06:56 UTC</createdTime>
<ownerDesignName>oracel</ownerDesignName>
<engineerTo>
<item key="7AE15885-45E2-836B-160B-61F2ABDCD28C" value="true"/>
</engineerTo>
<adequatelyNormalized>NO</adequatelyNormalized>
<expectedVolumes>0</expectedVolumes>
<fwdEngineeringStrategyName>Single Table</fwdEngineeringStrategyName>
<growthPercent>0</growthPercent>
<growthType>Year</growthType>
<maxVolumes>9999999</maxVolumes>
<minVolumes>0</minVolumes>
<normalForm>Third</normalForm>
<attributes itemClass="oracle.dbtools.crest.model.design.logical.Attribute">
<Attribute name="tanggal_mulai" id="51A64FB2-B6D5-807B-651A-F3982246A8F4">
<createdBy>ahmad</createdBy>
<createdTime>2022-08-24 12:07:27 UTC</createdTime>
<ownerDesignName>oracel</ownerDesignName>
<engineerTo>
<item key="7AE15885-45E2-836B-160B-61F2ABDCD28C" value="true"/>
</engineerTo>
<use>0</use>
<ownDataTypeParameters>,,</ownDataTypeParameters>
</Attribute>
<Attribute name="tanggal_berakhir" id="E43FC493-3A98-CD51-FDC3-BE5F4EECE638">
<createdBy>ahmad</createdBy>
<createdTime>2022-08-24 12:07:50 UTC</createdTime>
<ownerDesignName>oracel</ownerDesignName>
<engineerTo>
<item key="7AE15885-45E2-836B-160B-61F2ABDCD28C" value="true"/>
</engineerTo>
<use>0</use>
<ownDataTypeParameters>,,</ownDataTypeParameters>
</Attribute>
<Attribute name="alasan_mengganti_dokter" id="F141788D-A849-5096-2A49-865CBBB38FBC">
<createdBy>ahmad</createdBy>
<createdTime>2022-08-24 12:08:02 UTC</createdTime>
<ownerDesignName>oracel</ownerDesignName>
<engineerTo>
<item key="7AE15885-45E2-836B-160B-61F2ABDCD28C" value="true"/>
</engineerTo>
<use>0</use>
<ownDataTypeParameters>,,</ownDataTypeParameters>
</Attribute>
<Attribute name="id_pasien" id="3305B336-0F0F-A712-AF9F-8AA3E3E0560B">
<createdBy>ahmad</createdBy>
<createdTime>2022-08-24 12:52:45 UTC</createdTime>
<generatorID>33F75A8E-8660-CA23-8F10-5D2E90CEF23B</generatorID>
<ownerDesignName>oracel</ownerDesignName>
<engineerTo>
<item key="7AE15885-45E2-836B-160B-61F2ABDCD28C" value="true"/>
</engineerTo>
<referedAttribute>65535B07-4C1A-5E0B-0C5F-0DE0166EE34B</referedAttribute>
<use>0</use>
<ownDataTypeParameters>,,</ownDataTypeParameters>
</Attribute>
<Attribute name="id_dokter" id="B5FAA301-C93E-60E9-1F07-FA77C7C75C23">
<createdBy>ahmad</createdBy>
<createdTime>2022-08-24 14:15:51 UTC</createdTime>
<generatorID>5B351AFE-FD5B-8C14-5B7A-03C8CD5F4BD5</generatorID>
<ownerDesignName>oracel</ownerDesignName>
<engineerTo>
<item key="7AE15885-45E2-836B-160B-61F2ABDCD28C" value="true"/>
</engineerTo>
<referedAttribute>730CCCA9-31CD-A80D-3AD4-DD7638AB13DA</referedAttribute>
<use>0</use>
<ownDataTypeParameters>,,</ownDataTypeParameters>
</Attribute>
</attributes>
<identifiers itemClass="oracle.dbtools.crest.model.design.logical.CandidateKey">
<identifier id="0C961A76-55F8-F668-7424-A97E947463F8" name="RIWAYAT_DOKTER_UTAMA PK">
<createdBy>ahmad</createdBy>
<createdTime>2022-08-24 12:07:46 UTC</createdTime>
<ownerDesignName>oracel</ownerDesignName>
<engineerTo>
<item key="7AE15885-45E2-836B-160B-61F2ABDCD28C" value="true"/>
</engineerTo>
<pk>true</pk>
<usedAttributes>
<attributeRef>51A64FB2-B6D5-807B-651A-F3982246A8F4</attributeRef>
<attributeRef>3305B336-0F0F-A712-AF9F-8AA3E3E0560B</attributeRef>
<attributeRef>B5FAA301-C93E-60E9-1F07-FA77C7C75C23</attributeRef>
</usedAttributes>
</identifier>
</identifiers>
</Entity>