<?xml version = '1.0' encoding = 'UTF-8'?>
<Entity class="oracle.dbtools.crest.model.design.logical.Entity" directorySegmentName="seg_0" id="F18B581C-F504-1EDF-C952-E2311A927BFA" name="ASURANSI">
<createdBy>ahmad</createdBy>
<createdTime>2022-08-24 11:36:47 UTC</createdTime>
<ownerDesignName>oracel</ownerDesignName>
<engineerTo>
<item key="7AE15885-45E2-836B-160B-61F2ABDCD28C" value="true"/>
</engineerTo>
<adequatelyNormalized>NO</adequatelyNormalized>
<expectedVolumes>0</expectedVolumes>
<fwdEngineeringStrategyName>Single Table</fwdEngineeringStrategyName>
<growthPercent>0</growthPercent>
<growthType>Year</growthType>
<maxVolumes>9999999</maxVolumes>
<minVolumes>0</minVolumes>
<normalForm>Third</normalForm>
<attributes itemClass="oracle.dbtools.crest.model.design.logical.Attribute">
<Attribute name="id_perusahaan_asuransi" id="310557A3-38E1-796F-F5E9-312643C6143A">
<createdBy>ahmad</createdBy>
<createdTime>2022-08-24 11:37:07 UTC</createdTime>
<ownerDesignName>oracel</ownerDesignName>
<engineerTo>
<item key="7AE15885-45E2-836B-160B-61F2ABDCD28C" value="true"/>
</engineerTo>
<use>0</use>
<ownDataTypeParameters>,,</ownDataTypeParameters>
</Attribute>
<Attribute name="nama_perusahaan" id="F7F4A249-AD41-B3A0-5B53-D145F76D9C95">
<createdBy>ahmad</createdBy>
<createdTime>2022-08-24 11:37:55 UTC</createdTime>
<ownerDesignName>oracel</ownerDesignName>
<engineerTo>
<item key="7AE15885-45E2-836B-160B-61F2ABDCD28C" value="true"/>
</engineerTo>
<use>0</use>
<ownDataTypeParameters>,,</ownDataTypeParameters>
</Attribute>
<Attribute name="no_telpon" id="75445068-9EAF-FE98-CD1B-8AB0002B07C3">
<createdBy>ahmad</createdBy>
<createdTime>2022-08-24 11:39:40 UTC</createdTime>
<ownerDesignName>oracel</ownerDesignName>
<engineerTo>
<item key="7AE15885-45E2-836B-160B-61F2ABDCD28C" value="true"/>
</engineerTo>
<use>0</use>
<ownDataTypeParameters>,,</ownDataTypeParameters>
</Attribute>
</attributes>
<identifiers itemClass="oracle.dbtools.crest.model.design.logical.CandidateKey">
<identifier id="4C0F9FD0-72EA-F039-8B8E-4DF6D981739F" name="ASURANSI PK">
<createdBy>ahmad</createdBy>
<createdTime>2022-08-24 11:37:39 UTC</createdTime>
<ownerDesignName>oracel</ownerDesignName>
<engineerTo>
<item key="7AE15885-45E2-836B-160B-61F2ABDCD28C" value="true"/>
</engineerTo>
<pk>true</pk>
<usedAttributes>
<attributeRef>310557A3-38E1-796F-F5E9-312643C6143A</attributeRef>
</usedAttributes>
</identifier>
</identifiers>
</Entity>