<?xml version = '1.0' encoding = 'UTF-8'?>
<Entity class="oracle.dbtools.crest.model.design.logical.Entity" directorySegmentName="seg_0" id="F95339FF-1021-3AA2-3C85-BE6E8A1A2B52" name="OBAT">
<createdBy>ahmad</createdBy>
<createdTime>2022-08-24 12:34:50 UTC</createdTime>
<ownerDesignName>oracel</ownerDesignName>
<engineerTo>
<item key="7AE15885-45E2-836B-160B-61F2ABDCD28C" value="true"/>
</engineerTo>
<adequatelyNormalized>NO</adequatelyNormalized>
<expectedVolumes>0</expectedVolumes>
<fwdEngineeringStrategyName>Single Table</fwdEngineeringStrategyName>
<growthPercent>0</growthPercent>
<growthType>Year</growthType>
<maxVolumes>9999999</maxVolumes>
<minVolumes>0</minVolumes>
<normalForm>Third</normalForm>
<attributes itemClass="oracle.dbtools.crest.model.design.logical.Attribute">
<Attribute name="kode_obat" id="08298ED0-9267-03BA-0A79-322125D4C779">
<createdBy>ahmad</createdBy>
<createdTime>2022-08-24 12:34:57 UTC</createdTime>
<ownerDesignName>oracel</ownerDesignName>
<engineerTo>
<item key="7AE15885-45E2-836B-160B-61F2ABDCD28C" value="true"/>
</engineerTo>
<use>0</use>
<ownDataTypeParameters>,,</ownDataTypeParameters>
</Attribute>
<Attribute name="nama" id="CE9C73D9-99A8-B035-04B0-D02D7ADE8A85">
<createdBy>ahmad</createdBy>
<createdTime>2022-08-24 12:35:11 UTC</createdTime>
<ownerDesignName>oracel</ownerDesignName>
<engineerTo>
<item key="7AE15885-45E2-836B-160B-61F2ABDCD28C" value="true"/>
</engineerTo>
<use>0</use>
<ownDataTypeParameters>,,</ownDataTypeParameters>
</Attribute>
<Attribute name="efek_samping" id="CE461DCE-C96E-73B8-D061-2BDB64F532FC">
<createdBy>ahmad</createdBy>
<createdTime>2022-08-24 12:35:17 UTC</createdTime>
<ownerDesignName>oracel</ownerDesignName>
<engineerTo>
<item key="7AE15885-45E2-836B-160B-61F2ABDCD28C" value="true"/>
</engineerTo>
<use>0</use>
<ownDataTypeParameters>,,</ownDataTypeParameters>
</Attribute>
<Attribute name="manfaat" id="F6465496-A402-475D-19F0-7704E4B55C12">
<createdBy>ahmad</createdBy>
<createdTime>2022-08-24 12:35:30 UTC</createdTime>
<ownerDesignName>oracel</ownerDesignName>
<engineerTo>
<item key="7AE15885-45E2-836B-160B-61F2ABDCD28C" value="true"/>
</engineerTo>
<use>0</use>
<ownDataTypeParameters>,,</ownDataTypeParameters>
</Attribute>
</attributes>
<identifiers itemClass="oracle.dbtools.crest.model.design.logical.CandidateKey">
<identifier id="B4B199C3-EE91-E8CC-3231-E1B7579CDBFE" name="OBAT PK">
<createdBy>ahmad</createdBy>
<createdTime>2022-08-24 12:35:46 UTC</createdTime>
<ownerDesignName>oracel</ownerDesignName>
<engineerTo>
<item key="7AE15885-45E2-836B-160B-61F2ABDCD28C" value="true"/>
</engineerTo>
<pk>true</pk>
<usedAttributes>
<attributeRef>08298ED0-9267-03BA-0A79-322125D4C779</attributeRef>
</usedAttributes>
</identifier>
</identifiers>
</Entity>