<?xml version = '1.0' encoding = 'UTF-8'?>
<Entity class="oracle.dbtools.crest.model.design.logical.Entity" directorySegmentName="seg_0" id="FD691E78-5EE1-E94A-D57F-02C40E2DEA76" name="PASIEN">
<createdBy>ahmad</createdBy>
<createdTime>2022-08-24 12:08:37 UTC</createdTime>
<ownerDesignName>oracel</ownerDesignName>
<engineerTo>
<item key="7AE15885-45E2-836B-160B-61F2ABDCD28C" value="true"/>
</engineerTo>
<adequatelyNormalized>NO</adequatelyNormalized>
<expectedVolumes>0</expectedVolumes>
<fwdEngineeringStrategyName>Single Table</fwdEngineeringStrategyName>
<growthPercent>0</growthPercent>
<growthType>Year</growthType>
<maxVolumes>9999999</maxVolumes>
<minVolumes>0</minVolumes>
<normalForm>Third</normalForm>
<attributes itemClass="oracle.dbtools.crest.model.design.logical.Attribute">
<Attribute name="id_pasien" id="65535B07-4C1A-5E0B-0C5F-0DE0166EE34B">
<createdBy>ahmad</createdBy>
<createdTime>2022-08-24 12:08:47 UTC</createdTime>
<ownerDesignName>oracel</ownerDesignName>
<engineerTo>
<item key="7AE15885-45E2-836B-160B-61F2ABDCD28C" value="true"/>
</engineerTo>
<use>0</use>
<ownDataTypeParameters>,,</ownDataTypeParameters>
</Attribute>
<Attribute name="nama" id="49371D13-F1E7-7C8D-2B64-C052DFA57F06">
<createdBy>ahmad</createdBy>
<createdTime>2022-08-24 12:09:06 UTC</createdTime>
<ownerDesignName>oracel</ownerDesignName>
<engineerTo>
<item key="7AE15885-45E2-836B-160B-61F2ABDCD28C" value="true"/>
</engineerTo>
<use>0</use>
<dataTypeSize>255</dataTypeSize>
<ownDataTypeParameters>255,,</ownDataTypeParameters>
</Attribute>
<Attribute name="no_telpon" id="5DC803FD-3B11-0167-F7B3-993BB1AE11B0">
<createdBy>ahmad</createdBy>
<createdTime>2022-08-24 12:11:01 UTC</createdTime>
<ownerDesignName>oracel</ownerDesignName>
<engineerTo>
<item key="7AE15885-45E2-836B-160B-61F2ABDCD28C" value="true"/>
</engineerTo>
<use>0</use>
<dataTypeSize>13</dataTypeSize>
<ownDataTypeParameters>13,,</ownDataTypeParameters>
</Attribute>
<Attribute name="alamat" id="91F211AD-AFF7-63D0-7DE2-450E3C778B9F">
<createdBy>ahmad</createdBy>
<createdTime>2022-08-24 12:11:36 UTC</createdTime>
<ownerDesignName>oracel</ownerDesignName>
<engineerTo>
<item key="7AE15885-45E2-836B-160B-61F2ABDCD28C" value="true"/>
</engineerTo>
<use>0</use>
<ownDataTypeParameters>,,</ownDataTypeParameters>
</Attribute>
<Attribute name="email" id="4FD7F27B-E8F9-B0DA-FE10-E17D70AC2B10">
<createdBy>ahmad</createdBy>
<createdTime>2022-08-24 12:12:14 UTC</createdTime>
<ownerDesignName>oracel</ownerDesignName>
<engineerTo>
<item key="7AE15885-45E2-836B-160B-61F2ABDCD28C" value="true"/>
</engineerTo>
<use>0</use>
<ownDataTypeParameters>,,</ownDataTypeParameters>
</Attribute>
<Attribute name="id_ansuransi" id="BCEB2234-E920-0E3C-5A95-C3861334173E">
<createdBy>ahmad</createdBy>
<createdTime>2022-08-24 12:12:20 UTC</createdTime>
<ownerDesignName>oracel</ownerDesignName>
<engineerTo>
<item key="7AE15885-45E2-836B-160B-61F2ABDCD28C" value="true"/>
</engineerTo>
<use>0</use>
<ownDataTypeParameters>,,</ownDataTypeParameters>
</Attribute>
<Attribute name="id_perusahaan_asuransi" id="66AC560C-5660-EC90-FC9F-AAF463A49801">
<createdBy>ahmad</createdBy>
<createdTime>2022-08-24 12:47:11 UTC</createdTime>
<generatorID>032C1399-D310-2BBB-3477-C602DF01A093</generatorID>
<ownerDesignName>oracel</ownerDesignName>
<engineerTo>
<item key="7AE15885-45E2-836B-160B-61F2ABDCD28C" value="true"/>
</engineerTo>
<referedAttribute>310557A3-38E1-796F-F5E9-312643C6143A</referedAttribute>
<use>0</use>
<ownDataTypeParameters>,,</ownDataTypeParameters>
</Attribute>
<Attribute name="id_dokter" id="DD962143-F428-FB35-9306-31FE11FEB5CA">
<createdBy>ahmad</createdBy>
<createdTime>2022-08-24 12:56:10 UTC</createdTime>
<generatorID>575704AA-CD34-98E6-F16C-5B1EC1E194E8</generatorID>
<ownerDesignName>oracel</ownerDesignName>
<engineerTo>
<item key="7AE15885-45E2-836B-160B-61F2ABDCD28C" value="true"/>
</engineerTo>
<nullsAllowed>true</nullsAllowed>
<referedAttribute>730CCCA9-31CD-A80D-3AD4-DD7638AB13DA</referedAttribute>
<use>0</use>
<ownDataTypeParameters>,,</ownDataTypeParameters>
</Attribute>
<Attribute name="id_pasien1" id="73BD480B-A03F-AEB5-FC1A-7F5E0383727C">
<createdBy>ahmad</createdBy>
<createdTime>2022-08-24 14:20:17 UTC</createdTime>
<generatorID>8C8C52B8-009F-0C62-1E2A-5F9FAB6F38CB</generatorID>
<ownerDesignName>oracel</ownerDesignName>
<engineerTo>
<item key="7AE15885-45E2-836B-160B-61F2ABDCD28C" value="true"/>
</engineerTo>
<nullsAllowed>true</nullsAllowed>
<referedAttribute>65535B07-4C1A-5E0B-0C5F-0DE0166EE34B</referedAttribute>
<use>0</use>
<ownDataTypeParameters>,,</ownDataTypeParameters>
</Attribute>
</attributes>
<identifiers itemClass="oracle.dbtools.crest.model.design.logical.CandidateKey">
<identifier id="89791A2C-3D5F-C5C1-520E-77ADD380FEF2" name="PASIEN PK">
<createdBy>ahmad</createdBy>
<createdTime>2022-08-24 12:09:04 UTC</createdTime>
<ownerDesignName>oracel</ownerDesignName>
<engineerTo>
<item key="7AE15885-45E2-836B-160B-61F2ABDCD28C" value="true"/>
</engineerTo>
<pk>true</pk>
<usedAttributes>
<attributeRef>65535B07-4C1A-5E0B-0C5F-0DE0166EE34B</attributeRef>
</usedAttributes>
</identifier>
</identifiers>
</Entity>