<?xml version = '1.0' encoding = 'UTF-8'?>
<Relation class="oracle.dbtools.crest.model.design.logical.InheritanceRelation" name="Hierarchy_2" directorySegmentName="seg_0" id="AD06DED7-CA46-BBC5-E21E-60582B590D57">
<createdBy>ahmad</createdBy>
<createdTime>2022-08-24 12:25:11 UTC</createdTime>
<ownerDesignName>oracel</ownerDesignName>
<engineerTo>
<item key="7AE15885-45E2-836B-160B-61F2ABDCD28C" value="true"/>
</engineerTo>
<identifying>false</identifying>
<nameOnSource>Super Type</nameOnSource>
<nameOnTarget>Sub Type</nameOnTarget>
<optionalSource>true</optionalSource>
<optionalTarget>true</optionalTarget>
<sourceEntity>77AEEDCD-2DF7-77DB-840B-C079F4F1A29D</sourceEntity>
<targetEntity>F43F238A-4D27-5E19-39FD-ED95DFE5C055</targetEntity>
<transferable>true</transferable>
<deleteRule>NO ACTION</deleteRule>
</Relation>