<?xml version = '1.0' encoding = 'UTF-8'?>
<Diagram class="oracle.dbtools.crest.swingui.logical.DPVLogical" name="Logical" id="8909B76C-B3AC-791E-7E87-224E94319C6C">
<createdBy>ahmad</createdBy>
<modifiedBy>ahmad</modifiedBy>
<createdTime>2022-08-24 11:36:47 UTC</createdTime>
<autoRoute>false</autoRoute>
<boxInbox>true</boxInbox>
<showLegend>false</showLegend>
<showLabels>true</showLabels>
<showRelAttributes>false</showRelAttributes>
<gridEnabled>false</gridEnabled>
<showGrid>false</showGrid>
<diagramColor>-1</diagramColor>
<display>false</display>
<notation>1</notation>
<objectViews>
<OView class="oracle.dbtools.crest.swingui.logical.TVEntity" oid="0C599F7C-B554-6EB1-634C-77B85EA7EAC5" otype="Entity" vid="A8CD40B2-05C9-2924-EC74-E8EC0D266F54">
<hideElementsInCurrentOnly>false</hideElementsInCurrentOnly>
<bounds x="622" y="604" width="170" height="80"/>
</OView>
<OView class="oracle.dbtools.crest.swingui.logical.TVEntity" oid="13383877-3AA5-F734-0F6E-11C0EF3CC130" otype="Entity" vid="16AFF3EA-0B61-9828-BE27-E67B26FD7E3D">
<hideElementsInCurrentOnly>false</hideElementsInCurrentOnly>
<bounds x="749" y="50" width="170" height="119"/>
</OView>
<OView class="oracle.dbtools.crest.swingui.logical.TVEntity" oid="45E23268-8D32-F4F4-CA65-52DD3CB7120D" otype="Entity" vid="E8370E5B-05E7-F0D6-E397-057EF19CAD2E">
<hideElementsInCurrentOnly>false</hideElementsInCurrentOnly>
<bounds x="277" y="782" width="150" height="76"/>
</OView>
<OView class="oracle.dbtools.crest.swingui.logical.TVEntity" oid="59E5E443-FE46-42F7-3918-72E622181B53" otype="Entity" vid="2B07F831-0404-9DDB-7C62-F1DDECCCEDDE">
<hideElementsInCurrentOnly>false</hideElementsInCurrentOnly>
<bounds x="837" y="604" width="170" height="75"/>
</OView>
<OView class="oracle.dbtools.crest.swingui.logical.TVEntity" oid="60329E50-816E-A664-1E11-A51154EE9AAE" otype="Entity" vid="4E9F9847-9E33-E2BB-2BC1-C6E4424BB190">
<hideElementsInCurrentOnly>false</hideElementsInCurrentOnly>
<bounds x="363" y="217" width="170" height="127"/>
</OView>
<OView class="oracle.dbtools.crest.swingui.logical.TVEntity" oid="63E3320A-075B-3A98-ECF0-4A7B5ED15C8C" otype="Entity" vid="243726DA-BA53-FBE6-7D37-4FF177354979">
<hideElementsInCurrentOnly>false</hideElementsInCurrentOnly>
<bounds x="274" y="712" width="150" height="57"/>
</OView>
<OView class="oracle.dbtools.crest.swingui.logical.TVEntity" oid="77AEEDCD-2DF7-77DB-840B-C079F4F1A29D" otype="Entity" vid="36FFE157-2A5C-98D3-F05A-C5F7B263F012">
<hideElementsInCurrentOnly>false</hideElementsInCurrentOnly>
<bounds x="90" y="595" width="353" height="275"/>
</OView>
<OView class="oracle.dbtools.crest.swingui.logical.TVEntity" oid="9DCCB026-41DF-57CC-BC49-F1A598419C34" otype="Entity" vid="04EC4E06-A704-2899-5E9C-B461BD903EDB">
<hideElementsInCurrentOnly>false</hideElementsInCurrentOnly>
<bounds x="489" y="23" width="170" height="80"/>
</OView>
<OView class="oracle.dbtools.crest.swingui.logical.TVEntity" oid="A7B23776-5AD7-7A18-136B-00BAC800C74F" otype="Entity" vid="80DCB276-EF9E-23B0-73B0-D393FF265960">
<hideElementsInCurrentOnly>false</hideElementsInCurrentOnly>
<bounds x="720" y="301" width="170" height="145"/>
</OView>
<OView class="oracle.dbtools.crest.swingui.logical.TVEntity" oid="C27DD208-57DA-5C31-A199-E1F466397358" otype="Entity" vid="2899601C-CA52-0B6F-F464-75DAF853963B">
<hideElementsInCurrentOnly>false</hideElementsInCurrentOnly>
<bounds x="250" y="13" width="170" height="112"/>
</OView>
<OView class="oracle.dbtools.crest.swingui.logical.TVEntity" oid="C95097E0-923E-5D18-5201-6B034C05895D" otype="Entity" vid="121D5F68-0866-FB87-613B-1E9599531934">
<hideElementsInCurrentOnly>false</hideElementsInCurrentOnly>
<bounds x="100" y="755" width="150" height="43"/>
</OView>
<OView class="oracle.dbtools.crest.swingui.logical.TVEntity" oid="F18B581C-F504-1EDF-C952-E2311A927BFA" otype="Entity" vid="A0A3A91C-0E39-2699-C35D-1A7991561CEC">
<hideElementsInCurrentOnly>false</hideElementsInCurrentOnly>
<bounds x="60" y="17" width="170" height="105"/>
</OView>
<OView class="oracle.dbtools.crest.swingui.logical.TVEntity" oid="F43F238A-4D27-5E19-39FD-ED95DFE5C055" otype="Entity" vid="AAC9B913-0E0D-2751-9C31-45062C2B0ACB">
<hideElementsInCurrentOnly>false</hideElementsInCurrentOnly>
<bounds x="276" y="652" width="150" height="51"/>
</OView>
<OView class="oracle.dbtools.crest.swingui.logical.TVEntity" oid="F95339FF-1021-3AA2-3C85-BE6E8A1A2B52" otype="Entity" vid="02BBD85F-DEB6-EED8-07D9-5F9CE66775C7">
<hideElementsInCurrentOnly>false</hideElementsInCurrentOnly>
<bounds x="1098" y="302" width="170" height="110"/>
</OView>
<OView class="oracle.dbtools.crest.swingui.logical.TVEntity" oid="FD691E78-5EE1-E94A-D57F-02C40E2DEA76" otype="Entity" vid="CC08DCCB-0F5F-77FB-1056-3D9DB41526C5">
<hideElementsInCurrentOnly>false</hideElementsInCurrentOnly>
<bounds x="107" y="285" width="171" height="143"/>
</OView>
</objectViews>
<connectors>
<Connector class="oracle.dbtools.crest.swingui.logical.TVRelation" oid="032C1399-D310-2BBB-3477-C602DF01A093" otype="Relation" vid_source="A0A3A91C-0E39-2699-C35D-1A7991561CEC" vid_target="CC08DCCB-0F5F-77FB-1056-3D9DB41526C5">
<hideElementsInCurrentOnly>false</hideElementsInCurrentOnly>
<backgroundColor>-16777216</backgroundColor>
<lineWidth>1</lineWidth>
<sourceLabel class="oracle.dbtools.crest.model.design.Label">
<site>0</site>
<labelBounds x="168" y="147" width="94" height="19"/>
<noBackgroundColor>true</noBackgroundColor>
<noForegroundColor>true</noForegroundColor>
<sourceBelowTheLine>true</sourceBelowTheLine>
</sourceLabel>
<targetLabel class="oracle.dbtools.crest.model.design.Label">
<site>2</site>
<labelBounds x="168" y="263" width="96" height="16"/>
<noBackgroundColor>true</noBackgroundColor>
<noForegroundColor>true</noForegroundColor>
</targetLabel>
<points>
<point x="168" y="122"/>
<point x="168" y="285"/>
</points>
</Connector>
<Connector class="oracle.dbtools.crest.swingui.logical.TVRelation" oid="33F75A8E-8660-CA23-8F10-5D2E90CEF23B" otype="Relation" vid_source="CC08DCCB-0F5F-77FB-1056-3D9DB41526C5" vid_target="2899601C-CA52-0B6F-F464-75DAF853963B">
<hideElementsInCurrentOnly>false</hideElementsInCurrentOnly>
<backgroundColor>-16777216</backgroundColor>
<lineWidth>1</lineWidth>
<sourceLabel class="oracle.dbtools.crest.model.design.Label">
<site>0</site>
<labelBounds x="264" y="257" width="55" height="14"/>
<noBackgroundColor>true</noBackgroundColor>
<noForegroundColor>true</noForegroundColor>
</sourceLabel>
<targetLabel class="oracle.dbtools.crest.model.design.Label">
<site>2</site>
<labelBounds x="264" y="145" width="34" height="25"/>
<noBackgroundColor>true</noBackgroundColor>
<noForegroundColor>true</noForegroundColor>
</targetLabel>
<points>
<point x="264" y="285"/>
<point x="264" y="125"/>
</points>
</Connector>
<Connector class="oracle.dbtools.crest.swingui.logical.TVRelation" oid="42D589FD-1E28-C6A3-A184-E58ED6B4FD8F" otype="Relation" vid_source="4E9F9847-9E33-E2BB-2BC1-C6E4424BB190" vid_target="36FFE157-2A5C-98D3-F05A-C5F7B263F012">
<hideElementsInCurrentOnly>false</hideElementsInCurrentOnly>
<backgroundColor>-16777216</backgroundColor>
<lineWidth>1</lineWidth>
<sourceLabel class="oracle.dbtools.crest.model.design.Label">
<site>0</site>
<labelBounds x="403" y="396" width="76" height="30"/>
<noBackgroundColor>true</noBackgroundColor>
<noForegroundColor>true</noForegroundColor>
</sourceLabel>
<targetLabel class="oracle.dbtools.crest.model.design.Label">
<site>2</site>
<labelBounds x="403" y="551" width="58" height="30"/>
<noBackgroundColor>true</noBackgroundColor>
<noForegroundColor>true</noForegroundColor>
</targetLabel>
<points>
<point x="403" y="344"/>
<point x="403" y="595"/>
</points>
</Connector>
<Connector class="oracle.dbtools.crest.swingui.logical.TVRelation" oid="47E368FE-1A12-9B63-C75F-62A5447B15E4" otype="Relation" vid_source="16AFF3EA-0B61-9828-BE27-E67B26FD7E3D" vid_target="04EC4E06-A704-2899-5E9C-B461BD903EDB">
<hideElementsInCurrentOnly>false</hideElementsInCurrentOnly>
<backgroundColor>-16777216</backgroundColor>
<lineWidth>1</lineWidth>
<sourceLabel class="oracle.dbtools.crest.model.design.Label">
<site>0</site>
<labelBounds x="688" y="13" width="55" height="63"/>
<noBackgroundColor>true</noBackgroundColor>
<noForegroundColor>true</noForegroundColor>
</sourceLabel>
<targetLabel class="oracle.dbtools.crest.model.design.Label">
<site>2</site>
<labelBounds x="669" y="79" width="40" height="30"/>
<noBackgroundColor>true</noBackgroundColor>
<noForegroundColor>true</noForegroundColor>
</targetLabel>
<points>
<point x="749" y="76"/>
<point x="659" y="76"/>
</points>
</Connector>
<Connector class="oracle.dbtools.crest.swingui.logical.TVInheritanceRelation" oid="57139127-8551-6C98-1937-0992A9038027" otype="Hierarchy relation" vid_source="36FFE157-2A5C-98D3-F05A-C5F7B263F012" vid_target="121D5F68-0866-FB87-613B-1E9599531934">
<hideElementsInCurrentOnly>false</hideElementsInCurrentOnly>
<backgroundColor>-65536</backgroundColor>
<lineWidth>1</lineWidth>
</Connector>
<Connector class="oracle.dbtools.crest.swingui.logical.TVRelation" oid="575704AA-CD34-98E6-F16C-5B1EC1E194E8" otype="Relation" vid_source="CC08DCCB-0F5F-77FB-1056-3D9DB41526C5" vid_target="4E9F9847-9E33-E2BB-2BC1-C6E4424BB190">
<hideElementsInCurrentOnly>false</hideElementsInCurrentOnly>
<backgroundColor>-16777216</backgroundColor>
<lineWidth>1</lineWidth>
<sourceLabel class="oracle.dbtools.crest.model.design.Label">
<site>0</site>
<labelBounds x="288" y="284" width="55" height="30"/>
<noBackgroundColor>true</noBackgroundColor>
<noForegroundColor>true</noForegroundColor>
</sourceLabel>
<targetLabel class="oracle.dbtools.crest.model.design.Label">
<site>2</site>
<labelBounds x="292" y="317" width="65" height="30"/>
<noBackgroundColor>true</noBackgroundColor>
<noForegroundColor>true</noForegroundColor>
</targetLabel>
<points>
<point x="278" y="314"/>
<point x="363" y="314"/>
</points>
</Connector>
<Connector class="oracle.dbtools.crest.swingui.logical.TVRelation" oid="5B351AFE-FD5B-8C14-5B7A-03C8CD5F4BD5" otype="Relation" vid_source="4E9F9847-9E33-E2BB-2BC1-C6E4424BB190" vid_target="2899601C-CA52-0B6F-F464-75DAF853963B">
<hideElementsInCurrentOnly>false</hideElementsInCurrentOnly>
<backgroundColor>-16777216</backgroundColor>
<lineWidth>1</lineWidth>
<sourceLabel class="oracle.dbtools.crest.model.design.Label">
<site>0</site>
<labelBounds x="406" y="153" width="81" height="50"/>
<noBackgroundColor>true</noBackgroundColor>
<noForegroundColor>true</noForegroundColor>
</sourceLabel>
<targetLabel class="oracle.dbtools.crest.model.design.Label">
<site>2</site>
<labelBounds x="406" y="189" width="39" height="21"/>
<noBackgroundColor>true</noBackgroundColor>
<noForegroundColor>true</noForegroundColor>
</targetLabel>
<points>
<point x="406" y="217"/>
<point x="406" y="125"/>
</points>
</Connector>
<Connector class="oracle.dbtools.crest.swingui.logical.TVRelation" oid="6A37E388-E9B2-8ACD-E6F0-0DF898A979D2" otype="Relation" vid_source="CC08DCCB-0F5F-77FB-1056-3D9DB41526C5" vid_target="36FFE157-2A5C-98D3-F05A-C5F7B263F012">
<hideElementsInCurrentOnly>false</hideElementsInCurrentOnly>
<backgroundColor>-16777216</backgroundColor>
<lineWidth>1</lineWidth>
<sourceLabel class="oracle.dbtools.crest.model.design.Label">
<site>0</site>
<labelBounds x="192" y="471" width="55" height="21"/>
<noBackgroundColor>true</noBackgroundColor>
<noForegroundColor>true</noForegroundColor>
</sourceLabel>
<targetLabel class="oracle.dbtools.crest.model.design.Label">
<site>2</site>
<labelBounds x="192" y="559" width="40" height="30"/>
<noBackgroundColor>true</noBackgroundColor>
<noForegroundColor>true</noForegroundColor>
</targetLabel>
<points>
<point x="192" y="428"/>
<point x="192" y="595"/>
</points>
</Connector>
<Connector class="oracle.dbtools.crest.swingui.logical.TVRelation" oid="795E6D6A-5F9B-2157-5CD4-0325D316FD1B" otype="Relation" vid_source="CC08DCCB-0F5F-77FB-1056-3D9DB41526C5" vid_target="80DCB276-EF9E-23B0-73B0-D393FF265960">
<hideElementsInCurrentOnly>false</hideElementsInCurrentOnly>
<backgroundColor>-16777216</backgroundColor>
<lineWidth>1</lineWidth>
<sourceLabel class="oracle.dbtools.crest.model.design.Label">
<site>0</site>
<labelBounds x="288" y="341" width="42" height="23"/>
<noBackgroundColor>true</noBackgroundColor>
<noForegroundColor>true</noForegroundColor>
</sourceLabel>
<targetLabel class="oracle.dbtools.crest.model.design.Label">
<site>2</site>
<labelBounds x="672" y="367" width="42" height="31"/>
<noBackgroundColor>true</noBackgroundColor>
<noForegroundColor>true</noForegroundColor>
</targetLabel>
<points>
<point x="278" y="364"/>
<point x="720" y="364"/>
</points>
</Connector>
<Connector class="oracle.dbtools.crest.swingui.logical.TVRelation" oid="7BF4710D-68BA-4952-7398-60BACBA64AB2" otype="Relation" vid_source="4E9F9847-9E33-E2BB-2BC1-C6E4424BB190" vid_target="80DCB276-EF9E-23B0-73B0-D393FF265960">
<hideElementsInCurrentOnly>false</hideElementsInCurrentOnly>
<backgroundColor>-16777216</backgroundColor>
<lineWidth>1</lineWidth>
<sourceLabel class="oracle.dbtools.crest.model.design.Label">
<site>0</site>
<labelBounds x="543" y="292" width="73" height="30"/>
<noBackgroundColor>true</noBackgroundColor>
<noForegroundColor>true</noForegroundColor>
</sourceLabel>
<targetLabel class="oracle.dbtools.crest.model.design.Label">
<site>2</site>
<labelBounds x="626" y="325" width="88" height="30"/>
<noBackgroundColor>true</noBackgroundColor>
<noForegroundColor>true</noForegroundColor>
</targetLabel>
<points>
<point x="533" y="322"/>
<point x="720" y="322"/>
</points>
</Connector>
<Connector class="oracle.dbtools.crest.swingui.logical.TVRelation" oid="8C8C52B8-009F-0C62-1E2A-5F9FAB6F38CB" otype="Relation" vid_source="CC08DCCB-0F5F-77FB-1056-3D9DB41526C5" vid_target="CC08DCCB-0F5F-77FB-1056-3D9DB41526C5">
<hideElementsInCurrentOnly>false</hideElementsInCurrentOnly>
<backgroundColor>-16777216</backgroundColor>
<lineWidth>1</lineWidth>
<sourceLabel class="oracle.dbtools.crest.model.design.Label">
<site>0</site>
<labelBounds x="2" y="285" width="114" height="31"/>
<noBackgroundColor>true</noBackgroundColor>
<noForegroundColor>true</noForegroundColor>
</sourceLabel>
<targetLabel class="oracle.dbtools.crest.model.design.Label">
<site>2</site>
<labelBounds x="6" y="362" width="119" height="59"/>
<noBackgroundColor>true</noBackgroundColor>
<noForegroundColor>true</noForegroundColor>
</targetLabel>
<points>
<point x="107" y="301"/>
<point x="2" y="301"/>
<point x="3" y="367"/>
<point x="6" y="372"/>
<point x="107" y="372"/>
</points>
</Connector>
<Connector class="oracle.dbtools.crest.swingui.logical.TVInheritanceRelation" oid="A83386E5-D940-CA1C-E259-182508FEF6C8" otype="Hierarchy relation" vid_source="36FFE157-2A5C-98D3-F05A-C5F7B263F012" vid_target="243726DA-BA53-FBE6-7D37-4FF177354979">
<hideElementsInCurrentOnly>false</hideElementsInCurrentOnly>
<backgroundColor>-65536</backgroundColor>
<lineWidth>1</lineWidth>
</Connector>
<Connector class="oracle.dbtools.crest.swingui.logical.TVInheritanceRelation" oid="AD06DED7-CA46-BBC5-E21E-60582B590D57" otype="Hierarchy relation" vid_source="36FFE157-2A5C-98D3-F05A-C5F7B263F012" vid_target="AAC9B913-0E0D-2751-9C31-45062C2B0ACB">
<hideElementsInCurrentOnly>false</hideElementsInCurrentOnly>
<backgroundColor>-65536</backgroundColor>
<lineWidth>1</lineWidth>
</Connector>
<Connector class="oracle.dbtools.crest.swingui.logical.TVRelation" oid="BA1078AF-C12F-DF82-BBE2-1EDD51863BD9" otype="Relation" vid_source="2B07F831-0404-9DDB-7C62-F1DDECCCEDDE" vid_target="80DCB276-EF9E-23B0-73B0-D393FF265960">
<hideElementsInCurrentOnly>false</hideElementsInCurrentOnly>
<backgroundColor>-16777216</backgroundColor>
<lineWidth>1</lineWidth>
<sourceLabel class="oracle.dbtools.crest.model.design.Label">
<site>0</site>
<labelBounds x="863" y="568" width="37" height="30"/>
<noBackgroundColor>true</noBackgroundColor>
<noForegroundColor>true</noForegroundColor>
</sourceLabel>
<targetLabel class="oracle.dbtools.crest.model.design.Label">
<site>2</site>
<labelBounds x="863" y="514" width="94" height="30"/>
<noBackgroundColor>true</noBackgroundColor>
<noForegroundColor>true</noForegroundColor>
</targetLabel>
<points>
<point x="863" y="604"/>
<point x="863" y="446"/>
</points>
</Connector>
<Connector class="oracle.dbtools.crest.swingui.logical.TVRelation" oid="BBBE218E-4FB4-03C8-5DF2-D820ADD667B8" otype="Relation" vid_source="4E9F9847-9E33-E2BB-2BC1-C6E4424BB190" vid_target="04EC4E06-A704-2899-5E9C-B461BD903EDB">
<hideElementsInCurrentOnly>false</hideElementsInCurrentOnly>
<backgroundColor>-16777216</backgroundColor>
<lineWidth>1</lineWidth>
<sourceLabel class="oracle.dbtools.crest.model.design.Label">
<site>0</site>
<labelBounds x="511" y="168" width="55" height="19"/>
<noBackgroundColor>true</noBackgroundColor>
<noForegroundColor>true</noForegroundColor>
</sourceLabel>
<targetLabel class="oracle.dbtools.crest.model.design.Label">
<site>2</site>
<labelBounds x="511" y="128" width="62" height="25"/>
<noBackgroundColor>true</noBackgroundColor>
<noForegroundColor>true</noForegroundColor>
</targetLabel>
<points>
<point x="511" y="217"/>
<point x="511" y="103"/>
</points>
</Connector>
<Connector class="oracle.dbtools.crest.swingui.logical.TVRelation" oid="BFBC1843-311A-B218-4689-579C0E8277A1" otype="Relation" vid_source="02BBD85F-DEB6-EED8-07D9-5F9CE66775C7" vid_target="80DCB276-EF9E-23B0-73B0-D393FF265960">
<hideElementsInCurrentOnly>false</hideElementsInCurrentOnly>
<backgroundColor>-16777216</backgroundColor>
<lineWidth>1</lineWidth>
<sourceLabel class="oracle.dbtools.crest.model.design.Label">
<site>0</site>
<labelBounds x="1000" y="327" width="92" height="30"/>
<noBackgroundColor>true</noBackgroundColor>
<noForegroundColor>true</noForegroundColor>
</sourceLabel>
<targetLabel class="oracle.dbtools.crest.model.design.Label">
<site>2</site>
<labelBounds x="900" y="360" width="67" height="30"/>
<noBackgroundColor>true</noBackgroundColor>
<noForegroundColor>true</noForegroundColor>
</targetLabel>
<points>
<point x="1098" y="357"/>
<point x="890" y="357"/>
</points>
</Connector>
<Connector class="oracle.dbtools.crest.swingui.logical.TVInheritanceRelation" oid="C25177EB-137D-035E-D67E-96F4A4D07B16" otype="Hierarchy relation" vid_source="36FFE157-2A5C-98D3-F05A-C5F7B263F012" vid_target="E8370E5B-05E7-F0D6-E397-057EF19CAD2E">
<hideElementsInCurrentOnly>false</hideElementsInCurrentOnly>
<backgroundColor>-65536</backgroundColor>
<lineWidth>1</lineWidth>
</Connector>
<Connector class="oracle.dbtools.crest.swingui.logical.TVRelation" oid="DA2FCDB9-D8C7-A672-64AE-1BB6AB5145F1" otype="Relation" vid_source="A8CD40B2-05C9-2924-EC74-E8EC0D266F54" vid_target="80DCB276-EF9E-23B0-73B0-D393FF265960">
<hideElementsInCurrentOnly>false</hideElementsInCurrentOnly>
<backgroundColor>-16777216</backgroundColor>
<lineWidth>1</lineWidth>
<sourceLabel class="oracle.dbtools.crest.model.design.Label">
<site>0</site>
<labelBounds x="756" y="568" width="37" height="30"/>
<noBackgroundColor>true</noBackgroundColor>
<noForegroundColor>true</noForegroundColor>
</sourceLabel>
<targetLabel class="oracle.dbtools.crest.model.design.Label">
<site>2</site>
<labelBounds x="756" y="506" width="94" height="30"/>
<noBackgroundColor>true</noBackgroundColor>
<noForegroundColor>true</noForegroundColor>
</targetLabel>
<points>
<point x="756" y="604"/>
<point x="756" y="446"/>
</points>
</Connector>
</connectors>
<arcs>
<Arc class="oracle.dbtools.crest.swingui.logical.TVArc" oid="0F82366B-118E-47F4-A369-ED950C9F4D76" otype="Arc" vid="E31826D6-7630-76B8-35B6-FAB0E9BED09B">
<hideElementsInCurrentOnly>false</hideElementsInCurrentOnly>
<bounds x="700" y="281" width="210" height="185"/>
</Arc>
</arcs>
</Diagram>