<?xml version = '1.0' encoding = 'UTF-8'?>
<Arc class="oracle.dbtools.crest.model.design.logical.Arc" directorySegmentName="seg_0" id="0F82366B-118E-47F4-A369-ED950C9F4D76" name="Arc_1">
<createdBy>ahmad</createdBy>
<createdTime>2022-08-24 14:39:21 UTC</createdTime>
<ownerDesignName>oracel</ownerDesignName>
<engineerTo>
<item key="7AE15885-45E2-836B-160B-61F2ABDCD28C" value="true"/>
</engineerTo>
<entity>A7B23776-5AD7-7A18-136B-00BAC800C74F</entity>
<relations>
<relationID>DA2FCDB9-D8C7-A672-64AE-1BB6AB5145F1</relationID>
<relationID>BA1078AF-C12F-DF82-BBE2-1EDD51863BD9</relationID>
</relations>
</Arc>